<PlusConfiguration version="2.7">

  <DataCollection StartupDelaySec="1.0">
    <DeviceSet
      Name="PlusServer: TEST OptiTrack and Ultrasound"
      Description="Broadcasting tracking data through OpenIGTLink." />
	
    <!-- Ultrasound !-->
    <Device
      Id="UltrasoundDevice"
      Type="MmfVideo"
      FrameSize="800 600"
      VideoFormat="YUY2"
      CaptureDeviceId="0" >
      <DataSources>
        <DataSource Type="Video" Id="Video" PortUsImageOrientation="UN" ImageType="RGB_COLOR" />
      </DataSources>
      <OutputChannels>
        <OutputChannel Id="UltrasoundStream" VideoDataSourceId="Video" />
      </OutputChannels>
    </Device>

    <!-- Optitrack !-->
    <Device
      Id="TrackerDevice"
      Type="OptiTrack"
      ToolReferenceFrame="Tracker" 
      Profile="TESTINGMotiveProfile.motive"
      AttachToRunningMotive="TRUE"
      MotiveDataDescriptionsUpdateTimeSec="1.0" >
      <DataSources>
        <DataSource Type="Tool" Id="RectalProbe" />
      </DataSources>
      <OutputChannels>
        <OutputChannel Id="TrackerStream">
	  <DataSource Type="Tool" Id="RectalProbe" />
        </OutputChannel>
      </OutputChannels>
    </Device>
	
    <!-- Mixer !-->
    <Device
      Id="MixerDevice"
      Type="VirtualMixer">
      <InputChannels>
        <InputChannel Id="TrackerStream" />
	<InputChannel Id="UltrasoundStream" />
      </InputChannels>
      <OutputChannels>
	<OutputChannel Id="TrackedUltrasoundStream"/>
      </OutputChannels>
    </Device>
	
    <!-- Capture !-->
    <Device
      Id="CaptureDevice"
      Type="VirtualCapture"
      BaseFilename="RecordingTest.igs.mha"
      EnableCapturingOnStart="FALSE" >
      <InputChannels>
        <InputChannel Id="TrackedUltrasoundStream" />
      </InputChannels>
    </Device>
  </DataCollection>

  <!-- Transform List !-->
  <CoordinateDefinitions>
    <Transform From="Image" To="RectalProbeTip"
      Matrix="
        -0.17 0.05 -0.06 -129.96
        0.08 0.07 -0.16 -239.17
        -0.02 -0.17 -0.08 91.27
        0.0 0.0 0.0 1.0" />
  </CoordinateDefinitions>

  <!-- OpenIGTLink Server (Tracked Ultrasound) !-->
  <PlusOpenIGTLinkServer
    MaxNumberOfIgtlMessagesToSend="1"
    MaxTimeSpentWithProcessingMs="50"
    ListeningPort="18944"
    SendValidTransformsOnly="TRUE"
    OutputChannelId="TrackedUltrasoundStream" >
    <DefaultClientInfo>
      <MessageTypes>
        <Message Type="IMAGE" />
        <Message Type="TRANSFORM" />
      </MessageTypes>
      <TransformNames>
        <Transform Name="ImageToRectalProbeTip" />
        <Transform Name="RectalProbeToTracker" />
      </TransformNames>
      <ImageNames>
        <Image Name="Image" EmbeddedTransformToFrame="Image" />
      </ImageNames>
    </DefaultClientInfo>
  </PlusOpenIGTLinkServer>
  
</PlusConfiguration>