<PlusConfiguration version="2.7" PlusRevision="Plus-2.8.0.62873a16 - Win64">
  <DataCollection StartupDelaySec="1.0">
    <DeviceSet Name="PlusServer: OptiTrack (Profile only)combined with Ultrasound and Data Capture" Description="Broadcasting tracking data through OpenIGTLink." />
    <Device Id="UltrasoundDevice" Type="MmfVideo" FrameSize="800 600" VideoFormat="YUY2" CaptureDeviceId="1">
      <DataSources>
        <DataSource Type="Video" Id="Video" PortUsImageOrientation="UN" />
      </DataSources>
      <OutputChannels>
        <OutputChannel Id="UltrasoundStream" VideoDataSourceId="Video" />
      </OutputChannels>
    </Device>
    <Device
      Id="TrackerDevice"
      Type="OptiTrack"
      ToolReferenceFrame="Tracker"
      Profile="GSH Motive profile.motive"
      AttachToRunningMotive="TRUE"
      MotiveDataDescriptionsUpdateTimeSec="0">
      <DataSources>
        <DataSource Type="Tool" Id="Probe" />
        <DataSource Type="Tool" Id="Stylus" />
      </DataSources>
      <OutputChannels>
        <OutputChannel Id="TrackerStream">
          <DataSource Type="Tool" Id="Probe" />
          <DataSource Type="Tool" Id="Stylus" />
        </OutputChannel>
      </OutputChannels>
    </Device>
    <Device Id="MixerDevice" Type="VirtualMixer">
      <InputChannels>
        <InputChannel Id="TrackerStream" />
        <InputChannel Id="UltrasoundStream" />
      </InputChannels>
      <OutputChannels>
        <OutputChannel Id="TrackedUltrasoundStream" />
      </OutputChannels>
    </Device>
    <Device Id="CaptureDevice" Type="VirtualCapture" BaseFilename="RecordingTest.igs.mha" EnableCapturingOnStart="FALSE">
      <InputChannels>
        <InputChannel Id="TrackedUltrasoundStream" />
      </InputChannels>
    </Device>
  </DataCollection>
  <PlusOpenIGTLinkServer MaxNumberOfIgtlMessagesToSend="1" MaxTimeSpentWithProcessingMs="50" ListeningPort="18944" SendValidTransformsOnly="TRUE" OutputChannelId="TrackerStream">
    <DefaultClientInfo>
      <MessageTypes>
        <Message Type="TRANSFORM" />
      </MessageTypes>
      <TransformNames>
        <Transform Name="StylusToTracker" />
        <Transform Name="StylusToProbe" />
        <Transform Name="ProbeToTracker" />
      </TransformNames>
    </DefaultClientInfo>
  </PlusOpenIGTLinkServer>
  <PlusOpenIGTLinkServer MaxNumberOfIgtlMessagesToSend="1" MaxTimeSpentWithProcessingMs="50" ListeningPort="18945" SendValidTransformsOnly="true" OutputChannelId="UltrasoundStream">
    <DefaultClientInfo>
      <MessageTypes>
        <Message Type="IMAGE" />
      </MessageTypes>
      <ImageNames>
        <Image Name="Image" EmbeddedTransformToFrame="Image" />
      </ImageNames>
    </DefaultClientInfo>
  </PlusOpenIGTLinkServer>
</PlusConfiguration>
